Id,Class
33,"1 Cent,Australian dollar,australia"
34,"1 Cent,Australian dollar,australia"
35,"1 Cent,Australian dollar,australia"
36,"1 Cent,Australian dollar,australia"
69,"2 Pence,British Pound,united_kingdom"
70,"2 Cents,Australian dollar,australia"
71,"2 Cents,Australian dollar,australia"
72,"2 Cents,Australian dollar,australia"
103,"5 Cents,Australian dollar,australia"
104,"5 Cents,Australian dollar,australia"
105,"5 Cents,Australian dollar,australia"
106,"50 Cents,Australian dollar,australia"
137,"10 Cents,Australian dollar,australia"
138,"10 Cents,Australian dollar,australia"
139,"10 Cents,Australian dollar,australia"
140,"10 Cents,Australian dollar,australia"
168,"20 Cents,Australian dollar,australia"
169,"20 Cents,Australian dollar,australia"
170,"20 Cents,Australian dollar,australia"
199,"50 Cents,Australian dollar,australia"
200,"50 Cents,Australian dollar,australia"
201,"50 Cents,Australian dollar,australia"
202,"50 Cents,Australian dollar,australia"
235,"2 Grosze,Polish Zloty,poland"
236,"1 Dollar,Australian dollar,australia"
237,"1 Dollar,Australian dollar,australia"
238,"1 Dollar,Australian dollar,australia"
271,"2 Dollars,Australian dollar,australia"
272,"1 Dollar,Australian dollar,australia"
273,"2 Dollars,Australian dollar,australia"
274,"2 Dollars,Australian dollar,australia"
307,"1 Centavo,Brazilian Real,brazil"
308,"1 Centavo,Brazilian Real,brazil"
309,"1 Centavo,Brazilian Real,brazil"
310,"25 Satang,Thai Baht,thailand"
343,"5 Centavos,Brazilian Real,brazil"
344,"5 Satang,Thai Baht,thailand"
345,"5 Centavos,Brazilian Real,brazil"
346,"5 Centavos,Brazilian Real,brazil"
379,"10 Centavos,Brazilian Real,brazil"
380,"10 Centavos,Brazilian Real,brazil"
381,"10 Centavos,Brazilian Real,brazil"
382,"10 Centavos,Brazilian Real,brazil"
415,"25 Centavos,Brazilian Real,brazil"
416,"25 Centavos,Brazilian Real,brazil"
417,"25 Centavos,Brazilian Real,brazil"
418,"25 Centavos,Brazilian Real,brazil"
451,"1 Real,Brazilian Real,brazil"
452,"1 Real,Brazilian Real,brazil"
453,"1 Real,Brazilian Real,brazil"
454,"1 Real,Brazilian Real,brazil"
487,"1 Penny,British Pound,united_kingdom"
488,"1 Penny,British Pound,united_kingdom"
489,"1 Penny,British Pound,united_kingdom"
490,"1 Penny,British Pound,united_kingdom"
523,"2 Pence,British Pound,united_kingdom"
524,"2 Pence,British Pound,united_kingdom"
525,"2 Pence,British Pound,united_kingdom"
526,"2 Pence,British Pound,united_kingdom"
558,"5 Cents,Canadian Dollar,canada"
559,"1 2 Franc,Swiss Franc,switzerland"
560,"500 Yen,Japanese Yen,japan"
561,"5 Pence,British Pound,united_kingdom"
594,"10 Pence,British Pound,united_kingdom"
595,"1 Cent,US Dollar,usa"
596,"10 Pence,British Pound,united_kingdom"
597,"1 Penny,British Pound,united_kingdom"
652,"20 Pence,British Pound,united_kingdom"
653,"20 Pence,British Pound,united_kingdom"
654,"20 Pence,British Pound,united_kingdom"
655,"20 Pence,British Pound,united_kingdom"
656,"20 Pence,British Pound,united_kingdom"
657,"20 Pence,British Pound,united_kingdom"
712,"50 Pence,British Pound,united_kingdom"
713,"50 Pence,British Pound,united_kingdom"
714,"50 Pence,British Pound,united_kingdom"
715,"50 Pence,British Pound,united_kingdom"
716,"50 Pence,British Pound,united_kingdom"
717,"50 Pence,British Pound,united_kingdom"
772,"1 Pound,British Pound,united_kingdom"
773,"1 Pound,British Pound,united_kingdom"
774,"1 Pound,British Pound,united_kingdom"
775,"1 Pound,British Pound,united_kingdom"
776,"50 Ore,Danish Krone,denmark"
777,"1 Pound,British Pound,united_kingdom"
832,"2 Pounds,British Pound,united_kingdom"
833,"2 Pounds,British Pound,united_kingdom"
834,"2 Pounds,British Pound,united_kingdom"
835,"2 Pounds,British Pound,united_kingdom"
836,"2 Pounds,British Pound,united_kingdom"
837,"1 Euro,Euro,france"
892,"1 Cent,Canadian Dollar,canada"
893,"1 Cent,Canadian Dollar,canada"
894,"1 Cent,Canadian Dollar,canada"
895,"1 Cent,Canadian Dollar,canada"
896,"1 Cent,Canadian Dollar,canada"
897,"1 Cent,Canadian Dollar,canada"
952,"5 Cents,Canadian Dollar,canada"
953,"5 Cents,Canadian Dollar,canada"
954,"5 Cents,Canadian Dollar,canada"
955,"5 Cents,Canadian Dollar,canada"
956,"5 Cents,Canadian Dollar,canada"
957,"5 Cents,Canadian Dollar,canada"
1012,"10 Cents,Canadian Dollar,canada"
1013,"10 Cents,Canadian Dollar,canada"
1014,"10 Cents,Canadian Dollar,canada"
1015,"10 Cents,Canadian Dollar,canada"
1016,"10 Cents,Canadian Dollar,canada"
1017,"10 Cents,Canadian Dollar,canada"
1072,"25 Cents,Canadian Dollar,canada"
1073,"25 Cents,Canadian Dollar,canada"
1074,"25 Cents,Canadian Dollar,canada"
1075,"5 Cents,Canadian Dollar,canada"
1076,"5 Cents,Canadian Dollar,canada"
1077,"25 Cents,Canadian Dollar,canada"
1132,"50 Cents,Canadian Dollar,canada"
1133,"50 Cents,Canadian Dollar,canada"
1134,"50 Cents,Canadian Dollar,canada"
1135,"50 Cents,Canadian Dollar,canada"
1136,"50 Cents,Canadian Dollar,canada"
1137,"50 Cents,Canadian Dollar,canada"
1192,"1 Dollar,Canadian Dollar,canada"
1193,"1 Dollar,Canadian Dollar,canada"
1194,"1 Dollar,Canadian Dollar,canada"
1195,"1 Dollar,Canadian Dollar,canada"
1196,"1 Dollar,Canadian Dollar,canada"
1197,"1 Dollar,Canadian Dollar,canada"
1252,"2 Dollars,Canadian Dollar,canada"
1253,"2 Dollars,Canadian Dollar,canada"
1254,"2 Dollars,Canadian Dollar,canada"
1255,"2 Dollars,Canadian Dollar,canada"
1256,"2 Dollars,Canadian Dollar,canada"
1257,"2 Dollars,Canadian Dollar,canada"
1312,"1 Peso,Chilean Peso,chile"
1313,"1 Dollar,Hong Kong dollar,hong_kong"
1314,"1 Peso,Chilean Peso,chile"
1315,"1 Peso,Chilean Peso,chile"
1316,"1 Peso,Chilean Peso,chile"
1317,"1 Peso,Chilean Peso,chile"
1372,"5 Pesos,Chilean Peso,chile"
1373,"5 Pesos,Chilean Peso,chile"
1374,"5 Pesos,Chilean Peso,chile"
1375,"50 Cents,Euro,portugal"
1376,"5 Pesos,Chilean Peso,chile"
1377,"5 Pesos,Chilean Peso,chile"
1432,"5 Pesos,Chilean Peso,chile"
1433,"10 Pesos,Chilean Peso,chile"
1434,"1 Peso,Chilean Peso,chile"
1435,"5 Pesos,Chilean Peso,chile"
1436,"10 Pesos,Chilean Peso,chile"
1437,"5 Pesos,Chilean Peso,chile"
1492,"50 Pesos,Chilean Peso,chile"
1493,"100 Pesos,Chilean Peso,chile"
1494,"10 Yen,Japanese Yen,japan"
1495,"50 Centavos,Mexican peso,mexico"
1496,"50 Pesos,Chilean Peso,chile"
1497,"50 Pesos,Chilean Peso,chile"
1552,"100 Pesos,Chilean Peso,chile"
1553,"100 Pesos,Chilean Peso,chile"
1554,"100 Pesos,Chilean Peso,chile"
1555,"100 Pesos,Chilean Peso,chile"
1556,"100 Pesos,Chilean Peso,chile"
1557,"100 Pesos,Chilean Peso,chile"
1611,"500 Pesos,Chilean Peso,chile"
1612,"500 Pesos,Chilean Peso,chile"
1613,"500 Pesos,Chilean Peso,chile"
1614,"500 Pesos,Chilean Peso,chile"
1615,"500 Pesos,Chilean Peso,chile"
1616,"500 Pesos,Chilean Peso,chile"
1671,"1 Jiao,Chinese Yuan Renminbi,china"
1672,"1 Jiao,Chinese Yuan Renminbi,china"
1673,"1 Jiao,Chinese Yuan Renminbi,china"
1674,"1 Jiao,Chinese Yuan Renminbi,china"
1675,"1 Jiao,Chinese Yuan Renminbi,china"
1676,"1 Jiao,Chinese Yuan Renminbi,china"
1731,"1 Dollar,taiwan Dollar,taiwan"
1732,"5 Jiao,Chinese Yuan Renminbi,china"
1733,"5 Jiao,Chinese Yuan Renminbi,china"
1734,"1 Cent,Canadian Dollar,canada"
1735,"5 Jiao,Chinese Yuan Renminbi,china"
1736,"5 Jiao,Chinese Yuan Renminbi,china"
1791,"1 Yuan,Chinese Yuan Renminbi,china"
1792,"1 Yuan,Chinese Yuan Renminbi,china"
1793,"1 Yuan,Chinese Yuan Renminbi,china"
1794,"1 Jiao,Chinese Yuan Renminbi,china"
1795,"1 Yuan,Chinese Yuan Renminbi,china"
1796,"1 Yuan,Chinese Yuan Renminbi,china"
1851,"10 Hellers,Czech Koruna,czech_republic"
1852,"10 Hellers,Czech Koruna,czech_republic"
1853,"10 Hellers,Czech Koruna,czech_republic"
1854,"10 Hellers,Czech Koruna,czech_republic"
1855,"10 Hellers,Czech Koruna,czech_republic"
1856,"10 Hellers,Czech Koruna,czech_republic"
1911,"20 Hellers,Czech Koruna,czech_republic"
1912,"20 Hellers,Czech Koruna,czech_republic"
1913,"2 Koruny,Czech Koruna,czech_republic"
1914,"20 Hellers,Czech Koruna,czech_republic"
1915,"20 Hellers,Czech Koruna,czech_republic"
1916,"20 Hellers,Czech Koruna,czech_republic"
1971,"50 Hellers,Czech Koruna,czech_republic"
1972,"50 Hellers,Czech Koruna,czech_republic"
1973,"50 Hellers,Czech Koruna,czech_republic"
1974,"50 Hellers,Czech Koruna,czech_republic"
1975,"50 Hellers,Czech Koruna,czech_republic"
1976,"50 Hellers,Czech Koruna,czech_republic"
2031,"1 Koruna,Czech Koruna,czech_republic"
2032,"1 Koruna,Czech Koruna,czech_republic"
2033,"1 Koruna,Czech Koruna,czech_republic"
2034,"2 Koruny,Czech Koruna,czech_republic"
2035,"2 Koruny,Czech Koruna,czech_republic"
2036,"1 Koruna,Czech Koruna,czech_republic"
2091,"2 Koruny,Czech Koruna,czech_republic"
2092,"2 Koruny,Czech Koruna,czech_republic"
2093,"2 Koruny,Czech Koruna,czech_republic"
2094,"2 Koruny,Czech Koruna,czech_republic"
2095,"2 Koruny,Czech Koruna,czech_republic"
2096,"2 Koruny,Czech Koruna,czech_republic"
2151,"5 Korun,Czech Koruna,czech_republic"
2152,"5 Korun,Czech Koruna,czech_republic"
2153,"5 Korun,Czech Koruna,czech_republic"
2154,"5 Korun,Czech Koruna,czech_republic"
2155,"5 Korun,Czech Koruna,czech_republic"
2156,"5 Korun,Czech Koruna,czech_republic"
2211,"10 Korun,Czech Koruna,czech_republic"
2212,"10 Korun,Czech Koruna,czech_republic"
2213,"10 Korun,Czech Koruna,czech_republic"
2214,"10 Korun,Czech Koruna,czech_republic"
2215,"10 Korun,Czech Koruna,czech_republic"
2216,"10 Korun,Czech Koruna,czech_republic"
2249,"20 Korun,Czech Koruna,czech_republic"
2250,"20 Korun,Czech Koruna,czech_republic"
2251,"20 Korun,Czech Koruna,czech_republic"
2252,"20 Korun,Czech Koruna,czech_republic"
2285,"50 Hellers,Czech Koruna,czech_republic"
2286,"50 Hellers,Czech Koruna,czech_republic"
2287,"50 Hellers,Czech Koruna,czech_republic"
2288,"50 Cents,Euro,slovakia"
2320,"25 Ore,Danish Krone,denmark"
2321,"50 Ore,Danish Krone,denmark"
2322,"25 Ore,Danish Krone,denmark"
2323,"50 Ore,Danish Krone,denmark"
2356,"50 Ore,Danish Krone,denmark"
2357,"50 Ore,Danish Krone,denmark"
2358,"50 Ore,Danish Krone,denmark"
2359,"50 Ore,Danish Krone,denmark"
2392,"1 Krone,Danish Krone,denmark"
2393,"1 Krone,Danish Krone,denmark"
2394,"1 Krone,Danish Krone,denmark"
2395,"1 Krone,Danish Krone,denmark"
2428,"1 Krone,Danish Krone,denmark"
2429,"1 Krone,Danish Krone,denmark"
2430,"1 Krone,Danish Krone,denmark"
2431,"2 Kroner,Danish Krone,denmark"
2464,"5 Kroner,Danish Krone,denmark"
2465,"5 Kroner,Danish Krone,denmark"
2466,"5 Cents,Canadian Dollar,canada"
2467,"1 Krone,Danish Krone,denmark"
2500,"50 Cents,Euro,portugal"
2501,"10 Kroner,Danish Krone,denmark"
2502,"20 Kroner,Danish Krone,denmark"
2503,"20 Kroner,Danish Krone,denmark"
2536,"20 Kroner,Danish Krone,denmark"
2537,"20 Kroner,Danish Krone,denmark"
2538,"20 Kroner,Danish Krone,denmark"
2539,"20 Kroner,Danish Krone,denmark"
2572,"1 euro Cent,Euro,spain"
2573,"1 euro Cent,Euro,spain"
2574,"1 Cent,Euro,spain"
2575,"1 euro Cent,Euro,spain"
2608,"2 Euro,Euro,spain"
2609,"1 euro Cent,Euro,spain"
2610,"2 Euro,Euro,spain"
2611,"2 Euro,Euro,spain"
2644,"5 euro Cent,Euro,spain"
2645,"5 euro Cent,Euro,spain"
2646,"5 euro Cent,Euro,spain"
2647,"2 euro Cent,Euro,spain"
2680,"10 euro Cent,Euro,spain"
2681,"10 euro Cent,Euro,spain"
2682,"10 euro Cent,Euro,spain"
2683,"10 euro Cent,Euro,spain"
2716,"10 euro Cent,Euro,spain"
2717,"20 euro Cent,Euro,spain"
2718,"20 euro Cent,Euro,spain"
2719,"20 euro Cent,Euro,spain"
2752,"10 euro Cent,Euro,spain"
2753,"50 euro Cent,Euro,spain"
2754,"10 euro Cent,Euro,spain"
2755,"10 euro Cent,Euro,spain"
2810,"1 euro Cent,Euro,spain"
2811,"1 euro Cent,Euro,spain"
2812,"1 euro Cent,Euro,spain"
2813,"1 euro Cent,Euro,spain"
2814,"20 Dollars,taiwan Dollar,taiwan"
2815,"1 Euro,Euro,spain"
2816,"1 Euro,Euro,austria"
2872,"2 euro Cent,Euro,spain"
2873,"1 euro Cent,Euro,spain"
2874,"2 Euro,Euro,germany"
2875,"2 Euro,Euro,estonia"
2876,"2 euro Cent,Euro,spain"
2877,"2 Euro,Euro,spain"
2878,"2 Euro,Euro,austria"
2911,"1 Dollar,Hong Kong dollar,hong_kong"
2912,"10 Won,Korean Won,south_korea"
2913,"500 Yen,Japanese Yen,japan"
2914,"10 Cents,Hong Kong dollar,hong_kong"
2947,"50 Cents,Hong Kong dollar,hong_kong"
2948,"50 Cents,Hong Kong dollar,hong_kong"
2949,"50 Cents,Hong Kong dollar,hong_kong"
2950,"50 Cents,Hong Kong dollar,hong_kong"
2983,"1 Dollar,Hong Kong dollar,hong_kong"
2984,"1 Dollar,Hong Kong dollar,hong_kong"
2985,"1 Dollar,Hong Kong dollar,hong_kong"
2986,"1 Dollar,Hong Kong dollar,hong_kong"
3017,"2 Dollars,Hong Kong dollar,hong_kong"
3018,"2 Dollars,Hong Kong dollar,hong_kong"
3019,"2 Dollars,Hong Kong dollar,hong_kong"
3020,"2 Dollars,Hong Kong dollar,hong_kong"
3053,"5 Dollars,Hong Kong dollar,hong_kong"
3054,"5 Dollars,Hong Kong dollar,hong_kong"
3055,"5 Dollars,Hong Kong dollar,hong_kong"
3056,"5 Dollars,Hong Kong dollar,hong_kong"
3089,"1 Forint,Hungarian Forint,hungary"
3090,"1 Forint,Hungarian Forint,hungary"
3091,"1 Forint,Hungarian Forint,hungary"
3092,"1 Forint,Hungarian Forint,hungary"
3125,"2 Forint,Hungarian Forint,hungary"
3126,"20 Forint,Hungarian Forint,hungary"
3127,"50 Forint,Hungarian Forint,hungary"
3128,"25 Satang,Thai Baht,thailand"
3161,"5 Forint,Hungarian Forint,hungary"
3162,"1 Forint,Hungarian Forint,hungary"
3163,"5 Forint,Hungarian Forint,hungary"
3164,"5 Forint,Hungarian Forint,hungary"
3197,"10 Forint,Hungarian Forint,hungary"
3198,"10 Forint,Hungarian Forint,hungary"
3199,"10 Forint,Hungarian Forint,hungary"
3200,"10 Forint,Hungarian Forint,hungary"
3233,"50 Cents,Euro,italy"
3234,"20 Forint,Hungarian Forint,hungary"
3235,"20 Forint,Hungarian Forint,hungary"
3236,"20 Forint,Hungarian Forint,hungary"
3269,"50 Forint,Hungarian Forint,hungary"
3270,"50 Forint,Hungarian Forint,hungary"
3271,"50 Forint,Hungarian Forint,hungary"
3272,"20 Forint,Hungarian Forint,hungary"
3305,"20 Cents,Singapore Dollar,singapore"
3306,"100 Forint,Hungarian Forint,hungary"
3307,"50 Cents,Euro,greece"
3308,"100 Forint,Hungarian Forint,hungary"
3341,"200 Forint,Hungarian Forint,hungary"
3342,"200 Forint,Hungarian Forint,hungary"
3343,"200 Forint,Hungarian Forint,hungary"
3344,"200 Forint,Hungarian Forint,hungary"
3377,"25 Paise,Indian Rupee,india"
3378,"25 Paise,Indian Rupee,india"
3379,"25 Paise,Indian Rupee,india"
3380,"25 Paise,Indian Rupee,india"
3413,"5 Rappen,Swiss Franc,switzerland"
3414,"5 Rappen,Swiss Franc,switzerland"
3415,"25 Paise,Indian Rupee,india"
3416,"50 Paise,Indian Rupee,india"
3449,"1 Rupee,Indian Rupee,india"
3450,"1 Rupee,Indian Rupee,india"
3451,"1 Rupee,Indian Rupee,india"
3452,"1 Rupee,Indian Rupee,india"
3485,"2 Rupees,Indian Rupee,india"
3486,"2 Rupees,Indian Rupee,india"
3487,"2 Rupees,Indian Rupee,india"
3488,"2 Rupees,Indian Rupee,india"
3521,"5 Rupees,Indian Rupee,india"
3522,"5 Rupees,Indian Rupee,india"
3523,"5 Rupees,Indian Rupee,india"
3524,"5 Rupees,Indian Rupee,india"
3557,"10 Rupees,Indian Rupee,india"
3558,"10 Rupees,Indian Rupee,india"
3559,"10 Rupees,Indian Rupee,india"
3560,"10 Rupees,Indian Rupee,india"
3593,"50 Cents,Euro,italy"
3594,"50 Rupiah,Indonesian Rupiah,indonesia"
3595,"50 Rupiah,Indonesian Rupiah,indonesia"
3596,"50 Rupiah,Indonesian Rupiah,indonesia"
3629,"100 Rupiah,Indonesian Rupiah,indonesia"
3630,"100 Rupiah,Indonesian Rupiah,indonesia"
3631,"100 Rupiah,Indonesian Rupiah,indonesia"
3632,"100 Rupiah,Indonesian Rupiah,indonesia"
3665,"5 Kroner,Danish Krone,denmark"
3666,"200 Rupiah,Indonesian Rupiah,indonesia"
3667,"200 Rupiah,Indonesian Rupiah,indonesia"
3668,"200 Rupiah,Indonesian Rupiah,indonesia"
3701,"500 Rupiah,Indonesian Rupiah,indonesia"
3702,"500 Rupiah,Indonesian Rupiah,indonesia"
3703,"100 Rupiah,Indonesian Rupiah,indonesia"
3704,"500 Rupiah,Indonesian Rupiah,indonesia"
3737,"1000 Rupiah,Indonesian Rupiah,indonesia"
3738,"1000 Rupiah,Indonesian Rupiah,indonesia"
3739,"1000 Rupiah,Indonesian Rupiah,indonesia"
3740,"10 Cents,Canadian Dollar,canada"
3773,"5 Agorot,Israeli New Shekel,israel"
3774,"5 Agorot,Israeli New Shekel,israel"
3775,"5 Agorot,Israeli New Shekel,israel"
3776,"5 Agorot,Israeli New Shekel,israel"
3809,"10 Agorot,Israeli New Shekel,israel"
3810,"10 Agorot,Israeli New Shekel,israel"
3811,"10 Agorot,Israeli New Shekel,israel"
3812,"10 Agorot,Israeli New Shekel,israel"
3845,"1 New Sheqel,Israeli New Shekel,israel"
3846,"1 2 New Sheqel,Israeli New Shekel,israel"
3847,"1 2 New Sheqel,Israeli New Shekel,israel"
3848,"1 2 New Sheqel,Israeli New Shekel,israel"
3867,"1 New Sheqel,Israeli New Shekel,israel"
3868,"1 New Sheqel,Israeli New Shekel,israel"
3869,"1 New Sheqel,Israeli New Shekel,israel"
3896,"2 New Sheqalim,Israeli New Shekel,israel"
3897,"2 New Sheqalim,Israeli New Shekel,israel"
3898,"1 Krona,Swedish Krona,sweden"
3931,"5 New Sheqalim,Israeli New Shekel,israel"
3932,"5 New Sheqalim,Israeli New Shekel,israel"
3933,"5 New Sheqalim,Israeli New Shekel,israel"
3934,"5 New Sheqalim,Israeli New Shekel,israel"
3967,"10 New Sheqalim,Israeli New Shekel,israel"
3968,"10 New Sheqalim,Israeli New Shekel,israel"
3969,"10 New Sheqalim,Israeli New Shekel,israel"
3970,"10 New Sheqalim,Israeli New Shekel,israel"
4001,"1 Yen,Japanese Yen,japan"
4002,"1 2 Franc,Swiss Franc,switzerland"
4003,"1 Yen,Japanese Yen,japan"
4004,"1 Yen,Japanese Yen,japan"
4035,"5 Yen,Japanese Yen,japan"
4036,"5 Yen,Japanese Yen,japan"
4037,"5 Yen,Japanese Yen,japan"
4038,"5 Yen,Japanese Yen,japan"
4071,"10 Yen,Japanese Yen,japan"
4072,"10 Yen,Japanese Yen,japan"
4073,"10 Yen,Japanese Yen,japan"
4074,"10 Yen,Japanese Yen,japan"
4107,"50 Yen,Japanese Yen,japan"
4108,"50 Yen,Japanese Yen,japan"
4109,"50 Yen,Japanese Yen,japan"
4110,"50 Yen,Japanese Yen,japan"
4143,"100 Yen,Japanese Yen,japan"
4144,"100 Yen,Japanese Yen,japan"
4145,"100 Yen,Japanese Yen,japan"
4146,"100 Yen,Japanese Yen,japan"
4174,"500 Yen,Japanese Yen,japan"
4175,"500 Yen,Japanese Yen,japan"
4176,"500 Yen,Japanese Yen,japan"
4209,"1 Won,Korean Won,south_korea"
4210,"1 Won,Korean Won,south_korea"
4211,"1 Won,Korean Won,south_korea"
4212,"20 Hellers,Czech Koruna,czech_republic"
4243,"50 Dollars,taiwan Dollar,taiwan"
4244,"5 Won,Korean Won,south_korea"
4245,"5 Won,Korean Won,south_korea"
4246,"5 Won,Korean Won,south_korea"
4279,"10 Won,Korean Won,south_korea"
4280,"10 Won,Korean Won,south_korea"
4281,"10 Won,Korean Won,south_korea"
4282,"10 Won,Korean Won,south_korea"
4315,"50 Won,Korean Won,south_korea"
4316,"10 Senti,Estonian kroon,Estonia"
4317,"50 Won,Korean Won,south_korea"
4318,"50 Won,Korean Won,south_korea"
4351,"500 Won,Korean Won,south_korea"
4352,"100 Won,Korean Won,south_korea"
4353,"1 Dollar,taiwan Dollar,taiwan"
4354,"100 Won,Korean Won,south_korea"
4387,"500 Won,Korean Won,south_korea"
4388,"500 Won,Korean Won,south_korea"
4389,"500 Won,Korean Won,south_korea"
4390,"500 Won,Korean Won,south_korea"
4423,"1 Sen,Malaysian Ringgit,malaysia"
4424,"1 Sen,Malaysian Ringgit,malaysia"
4425,"20 Kroner,Norwegian Krone,norway"
4426,"1 Sen,Malaysian Ringgit,malaysia"
4459,"10 Sen,Malaysian Ringgit,malaysia"
4460,"5 Sen,Malaysian Ringgit,malaysia"
4461,"5 Sen,Malaysian Ringgit,malaysia"
4462,"5 Sen,Malaysian Ringgit,malaysia"
4495,"10 Sen,Malaysian Ringgit,malaysia"
4496,"10 Sen,Malaysian Ringgit,malaysia"
4497,"10 Centavos,Mexican peso,mexico"
4498,"10 Sen,Malaysian Ringgit,malaysia"
4531,"20 Senti,Estonian kroon,Estonia"
4532,"20 Sen,Malaysian Ringgit,malaysia"
4533,"10 Sen,Malaysian Ringgit,malaysia"
4534,"20 Senti,Estonian kroon,Estonia"
4567,"50 Cents,Euro,greece"
4568,"1 Yen,Japanese Yen,japan"
4569,"50 Sen,Malaysian Ringgit,malaysia"
4570,"50 Sen,Malaysian Ringgit,malaysia"
4603,"10 Centavos,Mexican peso,mexico"
4604,"10 Centavos,Mexican peso,mexico"
4605,"5 Centavos,Mexican peso,mexico"
4606,"10 Centavos,Mexican peso,mexico"
4639,"10 Centavos,Mexican peso,mexico"
4640,"20 Centavos,Mexican peso,mexico"
4641,"10 Centavos,Mexican peso,mexico"
4642,"10 Centavos,Mexican peso,mexico"
4675,"20 Centavos,Mexican peso,mexico"
4676,"20 Centavos,Mexican peso,mexico"
4677,"20 Centavos,Mexican peso,mexico"
4678,"20 Centavos,Mexican peso,mexico"
4711,"50 Centavos,Mexican peso,mexico"
4712,"50 Centavos,Mexican peso,mexico"
4713,"50 Centavos,Mexican peso,mexico"
4714,"50 Centavos,Mexican peso,mexico"
4747,"10 euro Cent,Euro,spain"
4748,"1 Peso,Mexican peso,mexico"
4749,"1 Peso,Mexican peso,mexico"
4750,"1 Peso,Mexican peso,mexico"
4783,"2 Pesos,Mexican peso,mexico"
4784,"10 Rubles,Russian Ruble,russia"
4785,"50 Cents,Euro,greece"
4786,"2 Pesos,Mexican peso,mexico"
4819,"5 Pesos,Mexican peso,mexico"
4820,"5 Pesos,Mexican peso,mexico"
4821,"5 Pesos,Mexican peso,mexico"
4822,"5 Pesos,Mexican peso,mexico"
4855,"10 Pesos,Mexican peso,mexico"
4856,"10 Pesos,Mexican peso,mexico"
4857,"50 Cents,Euro,portugal"
4858,"10 Pesos,Mexican peso,mexico"
4891,"5 Cents,New Zealand dollar,new_zealand"
4892,"5 Cents,New Zealand dollar,new_zealand"
4893,"5 Cents,New Zealand dollar,new_zealand"
4894,"5 Cents,New Zealand dollar,new_zealand"
4927,"10 Cents,New Zealand dollar,new_zealand"
4928,"10 Cents,New Zealand dollar,new_zealand"
4929,"10 Cents,New Zealand dollar,new_zealand"
4930,"10 Cents,New Zealand dollar,new_zealand"
4963,"20 Cents,New Zealand dollar,new_zealand"
4964,"20 Cents,New Zealand dollar,new_zealand"
4965,"20 Cents,New Zealand dollar,new_zealand"
4966,"20 Cents,New Zealand dollar,new_zealand"
4999,"50 Cents,New Zealand dollar,new_zealand"
5000,"50 Cents,New Zealand dollar,new_zealand"
5001,"50 Cents,New Zealand dollar,new_zealand"
5002,"50 Cents,New Zealand dollar,new_zealand"
5035,"1 Dollar,New Zealand dollar,new_zealand"
5036,"2 Dollars,New Zealand dollar,new_zealand"
5037,"50 Cents,New Zealand dollar,new_zealand"
5038,"50 Cents,New Zealand dollar,new_zealand"
5071,"2 Dollars,New Zealand dollar,new_zealand"
5072,"2 Dollars,New Zealand dollar,new_zealand"
5073,"2 Dollars,New Zealand dollar,new_zealand"
5074,"2 Dollars,New Zealand dollar,new_zealand"
5107,"50 Ore,Norwegian Krone,norway"
5108,"50 Ore,Norwegian Krone,norway"
5109,"50 Ore,Norwegian Krone,norway"
5110,"50 Ore,Norwegian Krone,norway"
5143,"1 Krone,Norwegian Krone,norway"
5144,"1 Jiao,Chinese Yuan Renminbi,china"
5145,"1 Krone,Norwegian Krone,norway"
5146,"5 Kroner,Norwegian Krone,norway"
5179,"5 Kroner,Norwegian Krone,norway"
5180,"5 Kroner,Norwegian Krone,norway"
5181,"5 Kroner,Norwegian Krone,norway"
5182,"1 Krone,Danish Krone,denmark"
5215,"20 Cents,Australian dollar,australia"
5216,"5 Cents,Singapore Dollar,singapore"
5217,"50 Cents,Euro,italy"
5218,"10 Kroner,Norwegian Krone,norway"
5251,"20 Kroner,Norwegian Krone,norway"
5252,"20 Kroner,Norwegian Krone,norway"
5253,"20 Kroner,Norwegian Krone,norway"
5254,"20 Kroner,Norwegian Krone,norway"
5287,"5 Pesos,Mexican peso,mexico"
5288,"1 Rupee,Pakistan Rupee,pakistan"
5289,"1 Rupee,Pakistan Rupee,pakistan"
5290,"5 Kroner,Danish Krone,denmark"
5323,"2 Rupees,Pakistan Rupee,pakistan"
5324,"2 Rupees,Pakistan Rupee,pakistan"
5325,"2 Rupees,Pakistan Rupee,pakistan"
5326,"2 Rupees,Pakistan Rupee,pakistan"
5359,"5 Rupees,Pakistan Rupee,pakistan"
5360,"5 Rupees,Pakistan Rupee,pakistan"
5361,"5 Rupees,Pakistan Rupee,pakistan"
5362,"5 Rupees,Pakistan Rupee,pakistan"
5395,"5 Rupees,Pakistan Rupee,pakistan"
5396,"5 Rupees,Pakistan Rupee,pakistan"
5397,"50 Won,Korean Won,south_korea"
5398,"10 Rupees,Pakistan Rupee,pakistan"
5431,"1 Sentimo,Philipine peso,philippines"
5432,"10 Centavos,Mexican peso,mexico"
5433,"1 Sentimo,Philipine peso,philippines"
5434,"25 Cents,Canadian Dollar,canada"
5467,"5 Sentimos,Philipine peso,philippines"
5468,"5 Sentimos,Philipine peso,philippines"
5469,"5 Sentimos,Philipine peso,philippines"
5470,"5 Sentimos,Philipine peso,philippines"
5503,"5 Satang,Thai Baht,thailand"
5504,"10 Sentimos,Philipine peso,philippines"
5505,"10 Sentimos,Philipine peso,philippines"
5506,"10 Sentimos,Philipine peso,philippines"
5539,"25 Sentimos,Philipine peso,philippines"
5540,"25 Sentimos,Philipine peso,philippines"
5541,"25 Sentimos,Philipine peso,philippines"
5542,"25 Sentimos,Philipine peso,philippines"
5575,"1 Piso,Philipine peso,philippines"
5576,"1 Piso,Philipine peso,philippines"
5577,"1 Piso,Philipine peso,philippines"
5578,"1 Piso,Philipine peso,philippines"
5611,"5 Piso,Philipine peso,philippines"
5612,"5 Piso,Philipine peso,philippines"
5613,"5 Piso,Philipine peso,philippines"
5614,"5 Cents,Singapore Dollar,singapore"
5647,"10 Piso,Philipine peso,philippines"
5648,"10 Piso,Philipine peso,philippines"
5649,"10 Piso,Philipine peso,philippines"
5650,"10 Piso,Philipine peso,philippines"
5683,"2 Grosze,Polish Zloty,poland"
5684,"1 Grosz,Polish Zloty,poland"
5685,"1 Grosz,Polish Zloty,poland"
5686,"50 Cents,Euro,portugal"
5719,"1 Grosz,Polish Zloty,poland"
5720,"2 Cents,Euro,lithuania"
5721,"2 Grosze,Polish Zloty,poland"
5722,"2 Grosze,Polish Zloty,poland"
5755,"2 Rubles,Russian Ruble,russia"
5756,"5 Groszy,Polish Zloty,poland"
5757,"2 Grosze,Polish Zloty,poland"
5758,"1 Grosz,Polish Zloty,poland"
5791,"10 Groszy,Polish Zloty,poland"
5792,"10 Groszy,Polish Zloty,poland"
5793,"20 Cents,Euro,portugal"
5794,"10 Groszy,Polish Zloty,poland"
5827,"20 Groszy,Polish Zloty,poland"
5828,"20 Groszy,Polish Zloty,poland"
5829,"10 Groszy,Polish Zloty,poland"
5830,"20 Groszy,Polish Zloty,poland"
5863,"50 Groszy,Polish Zloty,poland"
5864,"50 Groszy,Polish Zloty,poland"
5865,"50 Groszy,Polish Zloty,poland"
5866,"50 Groszy,Polish Zloty,poland"
5899,"1 Zloty,Polish Zloty,poland"
5900,"1 Zloty,Polish Zloty,poland"
5901,"1 Zloty,Polish Zloty,poland"
5902,"1 Zloty,Polish Zloty,poland"
5935,"2 Zlote,Polish Zloty,poland"
5936,"1 Euro,Euro,portugal"
5937,"2 Zlote,Polish Zloty,poland"
5938,"2 Zlote,Polish Zloty,poland"
5971,"100 Pesos,Chilean Peso,chile"
5972,"5 Zlotych,Polish Zloty,poland"
5973,"2 Rubles,Russian Ruble,russia"
5974,"5 Zlotych,Polish Zloty,poland"
6007,"1 Kopek,Russian Ruble,russia"
6008,"1 Kopek,Russian Ruble,russia"
6009,"500 Pesos,Chilean Peso,chile"
6010,"1 Kopek,Russian Ruble,russia"
6043,"5 Pesos,Chilean Peso,chile"
6044,"5 Kopeks,Russian Ruble,russia"
6045,"1 Kopek,Russian Ruble,russia"
6046,"5 Kopeks,Russian Ruble,russia"
6079,"10 Kopeks,Russian Ruble,russia"
6080,"10 Kopeks,Russian Ruble,russia"
6081,"10 Kopeks,Russian Ruble,russia"
6082,"10 Won,Korean Won,south_korea"
6115,"10 Kroner,Danish Krone,denmark"
6116,"50 Kopeks,Russian Ruble,russia"
6117,"50 Kopeks,Russian Ruble,russia"
6118,"50 Kopeks,Russian Ruble,russia"
6151,"1 Ruble,Russian Ruble,russia"
6152,"1 Ruble,Russian Ruble,russia"
6153,"10 Rubles,Russian Ruble,russia"
6154,"1 Ruble,Russian Ruble,russia"
6187,"100 Pesos,Chilean Peso,chile"
6188,"2 Rubles,Russian Ruble,russia"
6189,"2 Rubles,Russian Ruble,russia"
6190,"2 Rubles,Russian Ruble,russia"
6223,"1 New Sheqel,Israeli New Shekel,israel"
6224,"5 Rubles,Russian Ruble,russia"
6225,"5 Rubles,Russian Ruble,russia"
6226,"1 Forint,Hungarian Forint,hungary"
6259,"10 Kopeks,Russian Ruble,russia"
6260,"10 Rubles,Russian Ruble,russia"
6261,"10 Rubles,Russian Ruble,russia"
6262,"10 Rubles,Russian Ruble,russia"
6295,"1 Cent,Singapore Dollar,singapore"
6296,"5 Cents,Singapore Dollar,singapore"
6297,"1 Cent,Singapore Dollar,singapore"
6298,"1 Cent,Singapore Dollar,singapore"
6331,"5 Cents,Singapore Dollar,singapore"
6332,"5 Cents,Singapore Dollar,singapore"
6333,"5 Cents,Singapore Dollar,singapore"
6334,"5 Cents,Singapore Dollar,singapore"
6367,"10 Cents,Singapore Dollar,singapore"
6368,"10 Cents,Singapore Dollar,singapore"
6369,"10 Cents,Singapore Dollar,singapore"
6370,"10 Cents,Singapore Dollar,singapore"
6403,"20 Cents,Singapore Dollar,singapore"
6404,"20 Cents,Singapore Dollar,singapore"
6405,"2 Koruny,Czech Koruna,czech_republic"
6406,"20 Cents,Singapore Dollar,singapore"
6439,"50 Cents,Singapore Dollar,singapore"
6440,"50 Cents,Singapore Dollar,singapore"
6441,"50 Cents,Singapore Dollar,singapore"
6442,"10 Cents,Singapore Dollar,singapore"
6475,"1 Dollar,Singapore Dollar,singapore"
6476,"1 Dollar,Singapore Dollar,singapore"
6477,"1 Dollar,Singapore Dollar,singapore"
6478,"2 Cents,Euro,austria"
6493,"50 Cents,Singapore Dollar,singapore"
6494,"10 New Sheqalim,Israeli New Shekel,israel"
6527,"5 Cents,South African Rand,south_africa"
6528,"5 Cents,South African Rand,south_africa"
6529,"5 Cents,South African Rand,south_africa"
6530,"5 Cents,South African Rand,south_africa"
6563,"10 Cents,South African Rand,south_africa"
6564,"10 Cents,South African Rand,south_africa"
6565,"10 Cents,South African Rand,south_africa"
6566,"10 Cents,South African Rand,south_africa"
6599,"500 Pesos,Chilean Peso,chile"
6600,"20 Cents,South African Rand,south_africa"
6601,"20 Cents,South African Rand,south_africa"
6602,"20 Cents,South African Rand,south_africa"
6635,"50 Cents,South African Rand,south_africa"
6636,"2 Dollars,Australian dollar,australia"
6637,"50 Cents,South African Rand,south_africa"
6638,"50 Cents,South African Rand,south_africa"
6671,"1 Rand,South African Rand,south_africa"
6672,"1 Rand,South African Rand,south_africa"
6673,"1 Rand,South African Rand,south_africa"
6674,"1 Rand,South African Rand,south_africa"
6707,"2 Rand,South African Rand,south_africa"
6708,"50 Cents,South African Rand,south_africa"
6709,"2 Rand,South African Rand,south_africa"
6710,"2 Rand,South African Rand,south_africa"
6743,"5 Rand,South African Rand,south_africa"
6744,"5 Rand,South African Rand,south_africa"
6745,"5 Rand,South African Rand,south_africa"
6746,"5 Rand,South African Rand,south_africa"
6779,"5 Rupees,Indian Rupee,india"
6780,"5 New Sheqalim,Israeli New Shekel,israel"
6781,"10 Ore,Swedish Krona,sweden"
6782,"10 Won,Korean Won,south_korea"
6815,"50 Ore,Swedish Krona,sweden"
6816,"50 Ore,Swedish Krona,sweden"
6817,"1 Rupee,Pakistan Rupee,pakistan"
6818,"50 Ore,Swedish Krona,sweden"
6851,"1 Rupee,Indian Rupee,india"
6852,"50 Satang,Thai Baht,thailand"
6853,"50 Kopeks,Russian Ruble,russia"
6854,"1 Krona,Swedish Krona,sweden"
6887,"2 Kronor,Swedish Krona,sweden"
6888,"2 Kronor,Swedish Krona,sweden"
6889,"1 4 Dollar,US Dollar,usa"
6890,"10 Won,Korean Won,south_korea"
6923,"5 Kronor,Swedish Krona,sweden"
6924,"5 Kronor,Swedish Krona,sweden"
6925,"10 Kronor,Swedish Krona,sweden"
6926,"5 Kronor,Swedish Krona,sweden"
6959,"10 Kronor,Swedish Krona,sweden"
6960,"10 Kronor,Swedish Krona,sweden"
6961,"10 Kronor,Swedish Krona,sweden"
6962,"10 Kronor,Swedish Krona,sweden"
6995,"1 Rappen,Swiss Franc,switzerland"
6996,"1 Rappen,Swiss Franc,switzerland"
6997,"1 Rappen,Swiss Franc,switzerland"
6998,"1 Rappen,Swiss Franc,switzerland"
7031,"5 Rappen,Swiss Franc,switzerland"
7032,"5 Rappen,Swiss Franc,switzerland"
7033,"5 Rappen,Swiss Franc,switzerland"
7034,"5 Rappen,Swiss Franc,switzerland"
7067,"20 Rappen,Swiss Franc,switzerland"
7068,"10 Rappen,Swiss Franc,switzerland"
7069,"10 Rappen,Swiss Franc,switzerland"
7070,"10 Rappen,Swiss Franc,switzerland"
7103,"20 Rappen,Swiss Franc,switzerland"
7104,"20 Rappen,Swiss Franc,switzerland"
7105,"20 Rappen,Swiss Franc,switzerland"
7106,"20 Rappen,Swiss Franc,switzerland"
7139,"1 2 Franc,Swiss Franc,switzerland"
7140,"1 2 Franc,Swiss Franc,switzerland"
7141,"1 2 Franc,Swiss Franc,switzerland"
7142,"1 2 Franc,Swiss Franc,switzerland"
7162,"1 2 Franc,Swiss Franc,switzerland"
7163,"1 2 Franc,Swiss Franc,switzerland"
7164,"1 2 Franc,Swiss Franc,switzerland"
7197,"1 2 Franc,Swiss Franc,switzerland"
7198,"1 2 Franc,Swiss Franc,switzerland"
7199,"1 2 Franc,Swiss Franc,switzerland"
7200,"1 2 Franc,Swiss Franc,switzerland"
7233,"5 Francs,Swiss Franc,switzerland"
7234,"5 Francs,Swiss Franc,switzerland"
7235,"5 Francs,Swiss Franc,switzerland"
7236,"5 Francs,Swiss Franc,switzerland"
7265,"1 Dollar,taiwan Dollar,taiwan"
7266,"1 2 Dollar,taiwan Dollar,taiwan"
7267,"1 2 Dollar,taiwan Dollar,taiwan"
7268,"1 2 Dollar,taiwan Dollar,taiwan"
7292,"1 Dollar,taiwan Dollar,taiwan"
7293,"1 Dollar,taiwan Dollar,taiwan"
7294,"10 Won,Korean Won,south_korea"
7327,"5 Dollars,taiwan Dollar,taiwan"
7328,"5 Dollars,taiwan Dollar,taiwan"
7329,"5 Dollars,taiwan Dollar,taiwan"
7330,"5 Dollars,taiwan Dollar,taiwan"
7363,"1 Dollar,taiwan Dollar,taiwan"
7364,"10 Dollars,taiwan Dollar,taiwan"
7365,"1 Dollar,taiwan Dollar,taiwan"
7366,"10 Dollars,taiwan Dollar,taiwan"
7394,"20 Dollars,taiwan Dollar,taiwan"
7395,"20 Dollars,taiwan Dollar,taiwan"
7396,"20 Dollars,taiwan Dollar,taiwan"
7427,"50 Dollars,taiwan Dollar,taiwan"
7428,"50 Dollars,taiwan Dollar,taiwan"
7429,"50 Dollars,taiwan Dollar,taiwan"
7430,"50 Dollars,taiwan Dollar,taiwan"
7459,"1 Satang,Thai Baht,thailand"
7460,"1 Satang,Thai Baht,thailand"
7461,"1 Satang,Thai Baht,thailand"
7462,"5 Zlotych,Polish Zloty,poland"
7491,"1 2 Franc,Swiss Franc,switzerland"
7492,"5 Satang,Thai Baht,thailand"
7493,"5 Satang,Thai Baht,thailand"
7494,"5 Satang,Thai Baht,thailand"
7527,"10 New Sheqalim,Israeli New Shekel,israel"
7528,"10 Satang,Thai Baht,thailand"
7529,"10 Satang,Thai Baht,thailand"
7530,"10 Satang,Thai Baht,thailand"
7563,"25 Satang,Thai Baht,thailand"
7564,"25 Satang,Thai Baht,thailand"
7565,"25 Satang,Thai Baht,thailand"
7566,"25 Satang,Thai Baht,thailand"
7597,"25 Satang,Thai Baht,thailand"
7598,"50 Satang,Thai Baht,thailand"
7599,"25 Satang,Thai Baht,thailand"
7600,"50 Satang,Thai Baht,thailand"
7633,"1 Baht,Thai Baht,thailand"
7634,"1 Baht,Thai Baht,thailand"
7635,"1 Baht,Thai Baht,thailand"
7636,"1 Baht,Thai Baht,thailand"
7669,"2 Baht,Thai Baht,thailand"
7670,"2 Baht,Thai Baht,thailand"
7671,"1 Baht,Thai Baht,thailand"
7672,"2 Baht,Thai Baht,thailand"
7705,"5 Baht,Thai Baht,thailand"
7706,"1 Baht,Thai Baht,thailand"
7707,"5 Baht,Thai Baht,thailand"
7708,"1 Baht,Thai Baht,thailand"
7741,"10 Baht,Thai Baht,thailand"
7742,"10 Baht,Thai Baht,thailand"
7743,"10 Baht,Thai Baht,thailand"
7744,"10 Baht,Thai Baht,thailand"
7777,"1 Lira,Turkish Lira,turkey"
7778,"1 Lira,Turkish Lira,turkey"
7779,"25 Satang,Thai Baht,thailand"
7780,"10 Cents,Hong Kong dollar,hong_kong"
7813,"5 Kurus,Turkish Lira,turkey"
7814,"5 Kurus,Turkish Lira,turkey"
7815,"10 Rupees,Pakistan Rupee,pakistan"
7816,"5 Kurus,Turkish Lira,turkey"
7849,"10 Kurus,Turkish Lira,turkey"
7850,"10 Kurus,Turkish Lira,turkey"
7851,"10 Kurus,Turkish Lira,turkey"
7852,"10 Kurus,Turkish Lira,turkey"
7885,"5 Rappen,Swiss Franc,switzerland"
7886,"25 Kurus,Turkish Lira,turkey"
7887,"25 Kurus,Turkish Lira,turkey"
7888,"25 Kurus,Turkish Lira,turkey"
7921,"50 Kurus,Turkish Lira,turkey"
7922,"50 Kurus,Turkish Lira,turkey"
7923,"10 Baht,Thai Baht,thailand"
7924,"50 Kurus,Turkish Lira,turkey"
7957,"1 Lira,Turkish Lira,turkey"
7958,"2 Euro,Euro,netherlands"
7959,"1 Lira,Turkish Lira,turkey"
7960,"1 Lira,Turkish Lira,turkey"
7993,"1 Cent,US Dollar,usa"
7994,"1 Cent,US Dollar,usa"
7995,"1 Cent,US Dollar,usa"
7996,"1 Cent,US Dollar,usa"
8029,"5 Cents,US Dollar,usa"
8030,"5 Cents,US Dollar,usa"
8031,"5 Cents,US Dollar,usa"
8032,"5 Cents,US Dollar,usa"
8065,"1 Dime,US Dollar,usa"
8066,"1 Dime,US Dollar,usa"
8067,"1 Dime,US Dollar,usa"
8068,"1 2 Franc,Swiss Franc,switzerland"
8101,"1 4 Dollar,US Dollar,usa"
8102,"1 4 Dollar,US Dollar,usa"
8103,"1 4 Dollar,US Dollar,usa"
8104,"1 4 Dollar,US Dollar,usa"
8129,"1 2 Dollar,US Dollar,usa"
8130,"1 2 Dollar,US Dollar,usa"
8131,"1 2 Dollar,US Dollar,usa"
8150,"100 Yen,Japanese Yen,japan"
8151,"1 2 Dollar,US Dollar,usa"
8152,"1 Dollar,US Dollar,usa"
8243,"100 Dram,Armenian dram,Armenia"
8244,"100 Dram,Armenian dram,Armenia"
8245,"100 Dram,Armenian dram,Armenia"
8246,"100 Dram,Armenian dram,Armenia"
8247,"100 Dram,Armenian dram,Armenia"
8248,"100 Dram,Armenian dram,Armenia"
8249,"100 Dram,Armenian dram,Armenia"
8250,"100 Dram,Armenian dram,Armenia"
8251,"100 Dram,Armenian dram,Armenia"
8252,"100 Dram,Armenian dram,Armenia"
8343,"10 Dram,Armenian dram,Armenia"
8344,"10 Dram,Armenian dram,Armenia"
8345,"10 Dram,Armenian dram,Armenia"
8346,"10 Dram,Armenian dram,Armenia"
8347,"10 Dram,Armenian dram,Armenia"
8348,"10 Dram,Armenian dram,Armenia"
8349,"10 Dram,Armenian dram,Armenia"
8350,"10 Dram,Armenian dram,Armenia"
8351,"10 Dram,Armenian dram,Armenia"
8352,"10 Dram,Armenian dram,Armenia"
8443,"200 Dram,Armenian dram,Armenia"
8444,"200 Dram,Armenian dram,Armenia"
8445,"200 Dram,Armenian dram,Armenia"
8446,"200 Dram,Armenian dram,Armenia"
8447,"200 Dram,Armenian dram,Armenia"
8448,"200 Dram,Armenian dram,Armenia"
8449,"200 Dram,Armenian dram,Armenia"
8450,"200 Dram,Armenian dram,Armenia"
8451,"200 Dram,Armenian dram,Armenia"
8452,"200 Dram,Armenian dram,Armenia"
8543,"20 Dram,Armenian dram,Armenia"
8544,"20 Dram,Armenian dram,Armenia"
8545,"20 Dram,Armenian dram,Armenia"
8546,"20 Dram,Armenian dram,Armenia"
8547,"20 Dram,Armenian dram,Armenia"
8548,"20 Dram,Armenian dram,Armenia"
8549,"20 Dram,Armenian dram,Armenia"
8550,"20 Dram,Armenian dram,Armenia"
8551,"20 Dram,Armenian dram,Armenia"
8552,"20 Dram,Armenian dram,Armenia"
8643,"500 Dram,Armenian dram,Armenia"
8644,"500 Dram,Armenian dram,Armenia"
8645,"500 Dram,Armenian dram,Armenia"
8646,"500 Dram,Armenian dram,Armenia"
8647,"500 Dram,Armenian dram,Armenia"
8648,"500 Dram,Armenian dram,Armenia"
8649,"500 Dram,Armenian dram,Armenia"
8650,"500 Dram,Armenian dram,Armenia"
8651,"500 Dram,Armenian dram,Armenia"
8652,"500 Dram,Armenian dram,Armenia"
8743,"50 Dram,Armenian dram,Armenia"
8744,"50 Dram,Armenian dram,Armenia"
8745,"50 Dram,Armenian dram,Armenia"
8746,"50 Dram,Armenian dram,Armenia"
8747,"50 Dram,Armenian dram,Armenia"
8748,"50 Dram,Armenian dram,Armenia"
8749,"50 Dram,Armenian dram,Armenia"
8750,"50 Dram,Armenian dram,Armenia"
8751,"50 Dram,Armenian dram,Armenia"
8752,"50 Dram,Armenian dram,Armenia"
8775,"20 Cents,Euro,spain"
8776,"20 Cents,Euro,germany"
8777,"20 Cents,Euro,ireland"
8800,"20 Cents,Euro,germany"
8801,"50 Cents,Euro,germany"
8802,"20 Cents,Euro,germany"
8825,"1 Euro,Euro,ireland"
8826,"1 Euro,Euro,ireland"
8827,"1 Euro,Euro,ireland"
8850,"1 Euro,Euro,germany"
8851,"1 Euro,Euro,germany"
8852,"1 Euro,Euro,ireland"
8875,"1 Euro,Euro,lithuania"
8876,"2 Cents,Euro,lithuania"
8877,"1 Euro,Euro,lithuania"
8900,"1 Euro,Euro,lithuania"
8901,"1 Euro,Euro,greece"
8902,"1 Euro,Euro,france"
8926,"20 Cents,Euro,greece"
8927,"5 Pesos,Chilean Peso,chile"
8951,"1 Euro,Euro,estonia"
8952,"2 Euro,Euro,cyprus"
8953,"20 Cents,Euro,belgium"
8976,"50 Cents,Euro,portugal"
8978,"50 Cents,Euro,slovakia"
9001,"50 Cents,Euro,slovakia"
9002,"50 Cents,Euro,slovakia"
9003,"50 Cents,Euro,slovakia"
9026,"1 Euro,Euro,netherlands"
9027,"1 Euro,Euro,netherlands"
9028,"1 Euro,Euro,netherlands"
9051,"20 Cents,Euro,portugal"
9053,"1 Euro,Euro,austria"
9076,"2 Cents,Euro,austria"
9077,"2 Cents,Euro,austria"
9078,"2 Cents,Euro,austria"
9101,"20 Cents,Euro,belgium"
9102,"20 Cents,Euro,belgium"
9103,"50 Cents,Euro,belgium"
9126,"20 Cents,Euro,lithuania"
9127,"20 Cents,Euro,slovakia"
9128,"20 Cents,Euro,spain"
9151,"20 Cents,Euro,luxembourg"
9152,"20 Cents,Euro,luxembourg"
9153,"20 Cents,Euro,netherlands"
9176,"1 Euro,Euro,slovenia"
9177,"1 Euro,Euro,slovenia"
9178,"1 Euro,Euro,slovenia"
9202,"5 euro Cent,Euro,spain"
9204,"1 euro Cent,Euro,spain"
9227,"20 euro Cent,Euro,spain"
9228,"50 Cents,Euro,spain"
9229,"50 Cents,Euro,italy"
9252,"20 Cents,Euro,germany"
9253,"1 Euro,Euro,italy"
9254,"1 Euro,Euro,italy"
9277,"20 Cents,Euro,italy"
9278,"20 Cents,Euro,italy"
9279,"20 Cents,Euro,italy"
9302,"1 Euro,Euro,slovakia"
9303,"1 Euro,Euro,slovakia"
9304,"1 Euro,Euro,slovakia"
9327,"1 Euro,Euro,greece"
9328,"1 Euro,Euro,latvia"
9352,"1 Euro,Euro,austria"
9353,"20 Cents,Euro,austria"
9354,"1 Euro,Euro,austria"
9377,"1 Euro,Euro,portugal"
9378,"1 Euro,Euro,portugal"
9379,"1 Euro,Euro,portugal"
9402,"20 Cents,Euro,latvia"
9403,"20 Cents,Euro,latvia"
9404,"20 Cents,Euro,latvia"
9427,"1 New Sheqel,Israeli New Shekel,israel"
9428,"1 Euro,Euro,finland"
9429,"1 Euro,Euro,finland"
9452,"20 Cents,Euro,finland"
9453,"20 Cents,Euro,finland"
9454,"20 Cents,Euro,finland"
9477,"20 Cents,Euro,austria"
9478,"20 Cents,Euro,austria"
9479,"20 Cents,Euro,austria"
9502,"50 Cents,Euro,france"
9503,"50 Cents,Euro,france"
9504,"50 Cents,Euro,france"
9527,"1 Euro,Euro,france"
9528,"1 Euro,Euro,france"
9529,"1 Euro,Euro,france"
9552,"50 Cents,Euro,luxembourg"
9553,"20 Cents,Euro,luxembourg"
9554,"20 Cents,Euro,luxembourg"
9577,"1 Euro,Euro,luxembourg"
9578,"1 Euro,Euro,netherlands"
9579,"1 Euro,Euro,netherlands"
9602,"10 Rupees,Indian Rupee,india"
9603,"1 Euro,Euro,cyprus"
9604,"1 Euro,Euro,cyprus"
9627,"1 Euro,Euro,malta"
9628,"1 Euro,Euro,malta"
9629,"2 Euro,Euro,malta"
9652,"50 Cents,Euro,cyprus"
9653,"50 Cents,Euro,cyprus"
9654,"50 Cents,Euro,cyprus"
9677,"20 Cents,Euro,malta"
9678,"20 Cents,Euro,malta"
9679,"20 Cents,Euro,malta"
9703,"2 Euro,Euro,lithuania"
9704,"2 Euro,Euro,lithuania"
9705,"1 Euro,Euro,lithuania"
9730,"1 Kroon,Estonian kroon,Estonia"
9731,"1 Kroon,Estonian kroon,Estonia"
9732,"1 Kroon,Estonian kroon,Estonia"
9746,"5 Krooni,Estonian kroon,Estonia"
9747,"1 Kroon,Estonian kroon,Estonia"
9769,"2 Euro,Euro,france"
9770,"2 Euro,Euro,france"
9771,"2 Euro,Euro,france"
9804,"10 Senti,Estonian kroon,Estonia"
9805,"10 Senti,Estonian kroon,Estonia"
9806,"10 Senti,Estonian kroon,Estonia"
9807,"10 Senti,Estonian kroon,Estonia"
9835,"2 Euro,Euro,luxembourg"
9836,"20 Cents,Euro,luxembourg"
9837,"2 Euro,Euro,luxembourg"
9861,"2 Euro,Euro,italy"
9862,"2 Euro,Euro,italy"
9863,"2 Euro,Euro,italy"
9884,"500 Pesos,Chilean Peso,chile"
9885,"2 Euro,Euro,belgium"
9886,"1 Euro,Euro,belgium"
9908,"2 Cents,Euro,latvia"
9909,"2 Cents,Euro,latvia"
9910,"2 Cents,Euro,latvia"
9938,"2 Cents,Euro,malta"
9939,"2 Cents,Euro,malta"
9940,"2 Cents,Euro,malta"
9941,"2 Cents,Euro,malta"
9966,"2 Euro,Euro,cyprus"
9967,"2 Euro,Euro,cyprus"
9968,"2 Euro,Euro,cyprus"
9994,"2 Cents,Euro,germany"
9995,"2 Cents,Euro,france"
9996,"2 Cents,Euro,lithuania"
10020,"2 Euro,Euro,malta"
10021,"2 Euro,Euro,malta"
10022,"2 Euro,Euro,malta"
10042,"2 Cents,Euro,finland"
10043,"20 Cents,Euro,finland"
10044,"2 Cents,Euro,finland"
10073,"1 euro Cent,Euro,spain"
10074,"1 Cent,Euro,spain"
10075,"2 Cents,Euro,italy"
10076,"2 Cents,Euro,italy"
10099,"2 Euro,Euro,estonia"
10100,"2 Euro,Euro,estonia"
10101,"2 Euro,Euro,estonia"
10123,"2 Euro,Euro,slovenia"
10124,"2 Euro,Euro,austria"
10125,"2 Euro,Euro,slovenia"
10147,"50 Cents,Euro,ireland"
10148,"50 Cents,Euro,belgium"
10149,"2 Cents,Euro,belgium"
10171,"2 Cents,Euro,austria"
10172,"2 Cents,Euro,austria"
10173,"2 Cents,Euro,lithuania"
10194,"2 Cents,Euro,cyprus"
10195,"2 Cents,Euro,cyprus"
10196,"2 Cents,Euro,cyprus"
10214,"5 Zlotych,Polish Zloty,poland"
10215,"10 Senti,Estonian kroon,Estonia"
10239,"50 Cents,Euro,cyprus"
10240,"50 Cents,Euro,cyprus"
10241,"50 Cents,Euro,cyprus"
10268,"2 Euro,Euro,ireland"
10269,"2 Euro,Euro,ireland"
10270,"2 Euro,Euro,ireland"
10300,"2 Cents,Euro,luxembourg"
10301,"20 Cents,Euro,luxembourg"
10302,"2 Cents,Euro,luxembourg"
10303,"2 Cents,Euro,luxembourg"
10329,"2 Euro,Euro,slovenia"
10330,"2 Euro,Euro,latvia"
10331,"2 Euro,Euro,latvia"
10358,"2 Euro,Euro,germany"
10359,"1 Euro,Euro,germany"
10360,"2 Euro,Euro,germany"
10382,"20 Cents,Euro,netherlands"
10383,"2 Cents,Euro,netherlands"
10384,"50 Cents,Euro,netherlands"
10410,"2 Euro,Euro,netherlands"
10411,"2 Euro,Euro,latvia"
10412,"2 Euro,Euro,netherlands"
10434,"50 Cents,Euro,austria"
10435,"1 Yuan,Chinese Yuan Renminbi,china"
10436,"50 Cents,Euro,germany"
10459,"1 Euro,Euro,slovakia"
10460,"1 Euro,Euro,slovakia"
10461,"10 Dollars,taiwan Dollar,taiwan"
10485,"2 Euro,Euro,portugal"
10486,"2 Euro,Euro,portugal"
10487,"2 Euro,Euro,portugal"
10512,"50 Cents,Euro,belgium"
10513,"2 Cents,Euro,belgium"
10514,"2 Cents,Euro,belgium"
10538,"1 Cent,Euro,spain"
10539,"1 Cent,Euro,spain"
10540,"1 Cent,Euro,spain"
10564,"2 Euro,Euro,austria"
10565,"2 Euro,Euro,austria"
10566,"2 Euro,Euro,austria"
10592,"2 Euro,Euro,portugal"
10593,"2 Euro,Euro,finland"
10594,"2 Cents,Euro,germany"
10625,"50 Senti,Estonian kroon,Estonia"
10626,"20 Senti,Estonian kroon,Estonia"
10627,"10 Rupees,Indian Rupee,india"
10656,"2 Cents,Euro,slovakia"
10657,"1 Euro,Euro,austria"
10658,"10 Korun,Czech Koruna,czech_republic"
10659,"2 Cents,Euro,slovakia"
10688,"2 Cents,Euro,portugal"
10689,"2 Cents,Euro,portugal"
10690,"2 Cents,Euro,portugal"
10691,"2 Cents,Euro,portugal"
10713,"2 Cents,Euro,ireland"
10714,"2 Cents,Euro,ireland"
10715,"2 Cents,Euro,ireland"
10742,"10 Senti,Estonian kroon,Estonia"
10743,"20 Cents,Euro,luxembourg"
10744,"10 Senti,Estonian kroon,Estonia"
10767,"2 Cents,Euro,germany"
10768,"2 Cents,Euro,germany"
10769,"2 Cents,Euro,germany"
10797,"1 Euro,Euro,lithuania"
10798,"2 Euro,Euro,greece"
10799,"2 Euro,Euro,greece"
10908,"5 Paise, Pakistan Rupee, Pakistan"
10909,"5 Paise, Pakistan Rupee, Pakistan"
10910,"5 Paise, Pakistan Rupee, Pakistan"
10911,"5 Paise, Pakistan Rupee, Pakistan"
10912,"5 Paise, Pakistan Rupee, Pakistan"
10913,"5 Paise, Pakistan Rupee, Pakistan"
10914,"5 Paise, Pakistan Rupee, Pakistan"
10915,"5 Paise, Pakistan Rupee, Pakistan"
10916,"5 Paise, Pakistan Rupee, Pakistan"
10917,"5 Paise, Pakistan Rupee, Pakistan"
10918,"5 Paise, Pakistan Rupee, Pakistan"
10919,"5 Paise, Pakistan Rupee, Pakistan"
11006,"2 Paise, Pakistan Rupee, Pakistan"
11007,"2 Paise, Pakistan Rupee, Pakistan"
11008,"2 Paise, Pakistan Rupee, Pakistan"
11009,"10 Paise, Pakistan Rupee, Pakistan"
11010,"2 Paise, Pakistan Rupee, Pakistan"
11011,"2 Paise, Pakistan Rupee, Pakistan"
11012,"2 Paise, Pakistan Rupee, Pakistan"
11013,"5 Paise, Pakistan Rupee, Pakistan"
11014,"2 Paise, Pakistan Rupee, Pakistan"
11015,"2 Paise, Pakistan Rupee, Pakistan"
11124,"10 Paise, Pakistan Rupee, Pakistan"
11125,"10 Paise, Pakistan Rupee, Pakistan"
11126,"10 Paise, Pakistan Rupee, Pakistan"
11127,"10 Paise, Pakistan Rupee, Pakistan"
11128,"10 Paise, Pakistan Rupee, Pakistan"
11129,"10 Paise, Pakistan Rupee, Pakistan"
11130,"10 Paise, Pakistan Rupee, Pakistan"
11131,"10 Paise, Pakistan Rupee, Pakistan"
11132,"10 Paise, Pakistan Rupee, Pakistan"
11133,"10 Paise, Pakistan Rupee, Pakistan"
11134,"10 Paise, Pakistan Rupee, Pakistan"
11135,"10 Paise, Pakistan Rupee, Pakistan"
11174,"1 Paisa, Pakistan Rupee, Pakistan"
11175,"1 Paisa, Pakistan Rupee, Pakistan"
11176,"1 Paisa, Pakistan Rupee, Pakistan"
11177,"1 Paisa, Pakistan Rupee, Pakistan"
11178,"5 Paise, Pakistan Rupee, Pakistan"
11243,"50 Paise, Pakistan Rupee, Pakistan"
11244,"50 Paise, Pakistan Rupee, Pakistan"
11245,"50 Paise, Pakistan Rupee, Pakistan"
11246,"50 Paise, Pakistan Rupee, Pakistan"
11247,"50 Paise, Pakistan Rupee, Pakistan"
11248,"50 Paise, Pakistan Rupee, Pakistan"
11249,"50 Paise, Pakistan Rupee, Pakistan"
11250,"50 Paise, Pakistan Rupee, Pakistan"
11274,"50 Cents,Euro,greece"
11275,"50 Cents,Euro,finland"
11276,"20 Cents,Euro,finland"
11304,"1 Euro,Euro,france"
11305,"10 Rupees,Indian Rupee,india"
11306,"50 Cents,Euro,france"
11307,"50 Cents,Euro,france"
11330,"50 Cents,Euro,portugal"
11331,"50 Cents,Euro,germany"
11332,"50 Cents,Euro,germany"
11360,"50 Cents,Euro,greece"
11361,"50 Cents,Euro,greece"
11362,"1 2 Dollar,taiwan Dollar,taiwan"
11381,"50 Cents,Euro,ireland"
11382,"50 Cents,Euro,ireland"
11383,"20 Cents,Euro,ireland"
11411,"50 Cents,Euro,italy"
11412,"50 Cents,Euro,italy"
11413,"50 Cents,Euro,portugal"
11431,"20 Cents,Euro,latvia"
11432,"20 Cents,Euro,latvia"
11457,"50 Cents,Euro,portugal"
11458,"2 Euro,Euro,italy"
11459,"1 Euro,Euro,portugal"
11486,"20 Cents,Euro,luxembourg"
11487,"20 Cents,Euro,luxembourg"
11488,"20 Cents,Euro,luxembourg"
11516,"50 Cents,Euro,slovakia"
11517,"50 Cents,Euro,malta"
11518,"50 Cents,Euro,malta"
11519,"20 Cents,Euro,malta"
11550,"50 Cents,Euro,netherlands"
11551,"25 Satang,Thai Baht,thailand"
11552,"10 Won,Korean Won,south_korea"
11553,"20 Cents,Euro,netherlands"
11586,"50 Cents,Euro,portugal"
11587,"50 Cents,Euro,portugal"
11588,"20 Cents,Euro,portugal"
11589,"50 Cents,Euro,greece"
11617,"50 Cents,Euro,slovakia"
11618,"50 Cents,Euro,slovakia"
11619,"50 Cents,Euro,slovakia"
11653,"20 Cents,Euro,spain"
11654,"20 Cents,Euro,spain"
11655,"50 Cents,Euro,spain"
11656,"10 euro Cent,Euro,spain"
